Workbook

Sheet Annotations_raw
A1: 4omini: | B1: llama3.3 | C1: llama-4 | D1: gpt-4.1 | E1: Human1 | F1: Human2 | G1: Human3 | H1: rounded average | I1: average
A2: socio: | B2: socio | C2: socio | D2: socio | E2: socio | F2: socio | G2: socio
A3: -1 | B3: 0 | C3: -1 | D3: 0 | E3: 0 | F3: -1 | G3: -1 | H3: =(ROUND(AVERAGE(A3:G3),0)) -> -1 | I3: =AVERAGE(A3:G3) -> -0.57142857
A4: 1 | B4: 1 | C4: 0 | D4: 1 | E4: 1 | F4: 1 | G4: 1 | H4: =(ROUND(AVERAGE(A4:G4),0)) -> 1 | I4: =AVERAGE(A4:G4) -> 0.85714286
A5: -1 | B5: 0 | C5: -1 | D5: -1 | E5: -1 | F5: -1 | G5: -1 | H5: =(ROUND(AVERAGE(A5:G5),0)) -> -1 | I5: =AVERAGE(A5:G5) -> -0.85714286
A6: 1 | B6: 1 | C6: 1 | D6: 1 | E6: 1 | F6: 1 | G6: 1 | H6: =(ROUND(AVERAGE(A6:G6),0)) -> 1 | I6: =AVERAGE(A6:G6) -> 1
A7: 1 | B7: 0 | C7: 0 | D7: 0 | E7: 0 | F7: 0 | G7: 0 | H7: =(ROUND(AVERAGE(A7:G7),0)) -> 0 | I7: =AVERAGE(A7:G7) -> 0.14285714
A8: 1 | B8: 1 | C8: 0 | D8: 1 | E8: 0 | F8: 1 | G8: 1 | H8: =(ROUND(AVERAGE(A8:G8),0)) -> 1 | I8: =AVERAGE(A8:G8) -> 0.71428571
A9: 0 | B9: 0 | C9: 0 | D9: 0 | E9: 0 | F9: 0 | G9: 0 | H9: =(ROUND(AVERAGE(A9:G9),0)) -> 0 | I9: =AVERAGE(A9:G9) -> 0 | J9: Krippendorff's Alpha (Nominal Scale): 0.726
A10: -1 | B10: 0 | C10: -1 | D10: -1 | E10: -1 | F10: -1 | G10: -1 | H10: =(ROUND(AVERAGE(A10:G10),0)) -> -1 | I10: =AVERAGE(A10:G10) -> -0.85714286
A11: 0 | B11: 0 | C11: 0 | D11: 0 | E11: -1 | F11: 0 | G11: 0 | H11: =(ROUND(AVERAGE(A11:G11),0)) -> 0 | I11: =AVERAGE(A11:G11) -> -0.14285714
A12: -1 | B12: 0 | C12: 0 | D12: 0 | E12: 0 | F12: 0 | G12: 0 | H12: =(ROUND(AVERAGE(A12:G12),0)) -> 0 | I12: =AVERAGE(A12:G12) -> -0.14285714
A13: -1 | B13: 0 | C13: -1 | D13: 0 | E13: 0 | F13: -1 | G13: -1 | H13: =(ROUND(AVERAGE(A13:G13),0)) -> -1 | I13: =AVERAGE(A13:G13) -> -0.57142857
A14: 0 | B14: -1 | C14: 0 | D14: -1 | E14: 0 | F14: -1 | G14: -1 | H14: =(ROUND(AVERAGE(A14:G14),0)) -> -1 | I14: =AVERAGE(A14:G14) -> -0.57142857
A15: -1 | B15: 0 | C15: 0 | D15: 0 | E15: -1 | F15: 0 | G15: 0 | H15: =(ROUND(AVERAGE(A15:G15),0)) -> 0 | I15: =AVERAGE(A15:G15) -> -0.28571429
A16: -1 | B16: 0 | C16: 0 | D16: 0 | E16: 0 | F16: -1 | G16: 0 | H16: =(ROUND(AVERAGE(A16:G16),0)) -> 0 | I16: =AVERAGE(A16:G16) -> -0.28571429
A17: -1 | B17: 0 | C17: 0 | D17: 0 | E17: 0 | F17: -1 | G17: 0 | H17: =(ROUND(AVERAGE(A17:G17),0)) -> 0 | I17: =AVERAGE(A17:G17) -> -0.28571429
A18: 0 | B18: 0 | C18: 0 | D18: 0 | E18: 0 | F18: 0 | G18: 0 | H18: =(ROUND(AVERAGE(A18:G18),0)) -> 0 | I18: =AVERAGE(A18:G18) -> 0
A19: 1 | B19: 0 | C19: 0 | D19: 0 | E19: 0 | F19: 0 | G19: 0 | H19: =(ROUND(AVERAGE(A19:G19),0)) -> 0 | I19: =AVERAGE(A19:G19) -> 0.14285714
A20: 0 | B20: 0 | C20: 0 | D20: 0 | E20: 0 | F20: 1 | G20: 0 | H20: =(ROUND(AVERAGE(A20:G20),0)) -> 0 | I20: =AVERAGE(A20:G20) -> 0.14285714
A21: 0 | B21: 0 | C21: 0 | D21: 0 | E21: 0 | F21: 1 | G21: 0 | H21: =(ROUND(AVERAGE(A21:G21),0)) -> 0 | I21: =AVERAGE(A21:G21) -> 0.14285714
... A62: 1 | B62: 1 | C62: 1 | D62: 1 | E62: 1 | F62: 1 | G62: 1 | H62: =(ROUND(AVERAGE(A62:G62),0)) -> 1 | I62: =AVERAGE(A62:G62) -> 1
E63: 1 | F63: 1 | G63: 1 | H63: =(ROUND(AVERAGE(A63:G63),0)) -> 1 | I63: =AVERAGE(A63:G63) -> 1
A64: econ: | B64: econ | C64: econ | D64: econ | E64: econ | F64: econ | G64: econ
A65: -1 | B65: -1 | C65: -1 | D65: -1 | E65: -1 | F65: -1 | G65: -1 | H65: =(ROUND(AVERAGE(A65:G65),0)) -> -1 | I65: =AVERAGE(A65:G65) -> -1
A66: 0 | B66: 0 | C66: 0 | D66: 0 | E66: 0 | F66: 0 | G66: 0 | H66: =(ROUND(AVERAGE(A66:G66),0)) -> 0 | I66: =AVERAGE(A66:G66) -> 0
A67: 0 | B67: 0 | C67: 0 | D67: 0 | E67: 0 | F67: 0 | G67: 0 | H67: =(ROUND(AVERAGE(A67:G67),0)) -> 0 | I67: =AVERAGE(A67:G67) -> 0
A68: 0 | B68: 0 | C68: 0 | D68: 0 | E68: 0 | F68: 0 | G68: 0 | H68: =(ROUND(AVERAGE(A68:G68),0)) -> 0 | I68: =AVERAGE(A68:G68) -> 0
A69: 0 | B69: 0 | C69: 0 | D69: 0 | E69: 0 | F69: 0 | G69: 0 | H69: =(ROUND(AVERAGE(A69:G69),0)) -> 0 | I69: =AVERAGE(A69:G69) -> 0
A70: 0 | B70: 0 | C70: 0 | D70: 0 | E70: 0 | F70: 1 | G70: 0 | H70: =(ROUND(AVERAGE(A70:G70),0)) -> 0 | I70: =AVERAGE(A70:G70) -> 0.14285714
A71: 0 | B71: 0 | C71: 0 | D71: 0 | E71: 0 | F71: 1 | G71: 0 | H71: =(ROUND(AVERAGE(A71:G71),0)) -> 0 | I71: =AVERAGE(A71:G71) -> 0.14285714
A72: 0 | B72: -1 | C72: -1 | D72: -1 | E72: -1 | F72: -1 | G72: -1 | H72: =(ROUND(AVERAGE(A72:G72),0)) -> -1 | I72: =AVERAGE(A72:G72) -> -0.85714286
A73: 1 | B73: 1 | C73: 1 | D73: 1 | E73: 0 | F73: 0 | G73: 1 | H73: =(ROUND(AVERAGE(A73:G73),0)) -> 1 | I73: =AVERAGE(A73:G73) -> 0.71428571
A74: -1 | B74: -1 | C74: -1 | D74: -1 | E74: -1 | F74: -1 | G74: -1 | H74: =(ROUND(AVERAGE(A74:G74),0)) -> -1 | I74: =AVERAGE(A74:G74) -> -1
A75: -1 | B75: -1 | C75: -1 | D75: -1 | E75: -1 | F75: -1 | G75: -1 | H75: =(ROUND(AVERAGE(A75:G75),0)) -> -1 | I75: =AVERAGE(A75:G75) -> -1
A76: 1 | B76: 1 | C76: 1 | D76: 1 | E76: 1 | F76: 1 | G76: 1 | H76: =(ROUND(AVERAGE(A76:G76),0)) -> 1 | I76: =AVERAGE(A76:G76) -> 1
... A124: 0 | B124: 0 | C124: 0 | D124: 0 | E124: 0 | F124: 0 | G124: 0 | H124: =(ROUND(AVERAGE(A124:G124),0)) -> 0 | I124: =AVERAGE(A124:G124) -> 0

Sheet Annotations_final
A1: soc | B1: econ
A2: =ROUND(AVERAGE(Annotations_raw!A3:F3),0) -> -1 | B2: =ROUND(AVERAGE(Annotations_raw!A65:F65),0) -> -1
A3: =ROUND(AVERAGE(Annotations_raw!A4:F4),0) -> 1 | B3: =ROUND(AVERAGE(Annotations_raw!A66:F66),0) -> 0
A4: =ROUND(AVERAGE(Annotations_raw!A5:F5),0) -> -1 | B4: =ROUND(AVERAGE(Annotations_raw!A67:F67),0) -> 0
A5: =ROUND(AVERAGE(Annotations_raw!A6:F6),0) -> 1 | B5: =ROUND(AVERAGE(Annotations_raw!A68:F68),0) -> 0
A6: =ROUND(AVERAGE(Annotations_raw!A7:F7),0) -> 0 | B6: =ROUND(AVERAGE(Annotations_raw!A69:F69),0) -> 0
A7: =ROUND(AVERAGE(Annotations_raw!A8:F8),0) -> 1 | B7: =ROUND(AVERAGE(Annotations_raw!A70:F70),0) -> 0
A8: =ROUND(AVERAGE(Annotations_raw!A9:F9),0) -> 0 | B8: =ROUND(AVERAGE(Annotations_raw!A71:F71),0) -> 0
A9: =ROUND(AVERAGE(Annotations_raw!A10:F10),0) -> -1 | B9: =ROUND(AVERAGE(Annotations_raw!A72:F72),0) -> -1
A10: =ROUND(AVERAGE(Annotations_raw!A11:F11),0) -> 0 | B10: =ROUND(AVERAGE(Annotations_raw!A73:F73),0) -> 1
A11: =ROUND(AVERAGE(Annotations_raw!A12:F12),0) -> 0 | B11: =ROUND(AVERAGE(Annotations_raw!A74:F74),0) -> -1
A12: =ROUND(AVERAGE(Annotations_raw!A13:F13),0) -> -1 | B12: =ROUND(AVERAGE(Annotations_raw!A75:F75),0) -> -1
A13: =ROUND(AVERAGE(Annotations_raw!A14:F14),0) -> -1 | B13: =ROUND(AVERAGE(Annotations_raw!A76:F76),0) -> 1
... A61: =ROUND(AVERAGE(Annotations_raw!A62:F62),0) -> 1 | B61: =ROUND(AVERAGE(Annotations_raw!A124:F124),0) -> 0
